,Location,Velocity,Time
0,0.0,0.0,0.0
1,0.0,0.0,2.0
2,0.0,0.0,4.0
3,0.0,0.0,6.0
4,0.0,0.0,8.0
5,0.0,0.0,10.0
6,0.0,0.0,12.0
7,0.0,0.0,14.0
8,0.0,0.0,16.0
9,0.0,0.0,18.0
10,0.0,0.0,20.0
11,0.0,1.0,0.0
12,0.0,1.0,2.0
13,0.0,1.0,4.0
14,0.0,1.0,6.0
15,0.0,1.0,8.0
16,0.0,1.0,10.0
17,0.0,1.0,12.0
18,0.0,1.0,14.0
19,0.0,1.0,16.0
20,0.0,1.0,18.0
21,0.0,1.0,20.0
22,0.0,2.0,0.0
23,0.0,2.0,2.0
24,0.0,2.0,4.0
25,0.0,2.0,6.0
26,0.0,2.0,8.0
27,0.0,2.0,10.0
28,0.0,2.0,12.0
29,0.0,2.0,14.0
30,0.0,2.0,16.0
31,0.0,2.0,18.0
32,0.0,2.0,20.0
33,0.0,3.0,0.0
34,0.0,3.0,2.0
35,0.0,3.0,4.0
36,0.0,3.0,6.0
37,0.0,3.0,8.0
38,0.0,3.0,10.0
39,0.0,3.0,12.0
40,0.0,3.0,14.0
41,0.0,3.0,16.0
42,0.0,3.0,18.0
43,0.0,3.0,20.0
44,0.0,4.0,0.0
45,0.0,4.0,2.0
46,0.0,4.0,4.0
47,0.0,4.0,6.0
48,0.0,4.0,8.0
49,0.0,4.0,10.0
50,0.0,4.0,12.0
51,0.0,4.0,14.0
52,0.0,4.0,16.0
53,0.0,4.0,18.0
54,0.0,4.0,20.0
55,0.0,5.0,0.0
56,0.0,5.0,2.0
57,0.0,5.0,4.0
58,0.0,5.0,6.0
59,0.0,5.0,8.0
60,0.0,5.0,10.0
61,0.0,5.0,12.0
62,0.0,5.0,14.0
63,0.0,5.0,16.0
64,0.0,5.0,18.0
65,0.0,5.0,20.0
66,0.0,6.0,0.0
67,0.0,6.0,2.0
68,0.0,6.0,4.0
69,0.0,6.0,6.0
70,0.0,6.0,8.0
71,0.0,6.0,10.0
72,0.0,6.0,12.0
73,0.0,6.0,14.0
74,0.0,6.0,16.0
75,0.0,6.0,18.0
76,0.0,6.0,20.0
77,0.0,7.0,0.0
78,0.0,7.0,2.0
79,0.0,7.0,4.0
80,0.0,7.0,6.0
81,0.0,7.0,8.0
82,0.0,7.0,10.0
83,0.0,7.0,12.0
84,0.0,7.0,14.0
85,0.0,7.0,16.0
86,0.0,7.0,18.0
87,0.0,7.0,20.0
88,0.0,8.0,0.0
89,0.0,8.0,2.0
90,0.0,8.0,4.0
91,0.0,8.0,6.0
92,0.0,8.0,8.0
93,0.0,8.0,10.0
94,0.0,8.0,12.0
95,0.0,8.0,14.0
96,0.0,8.0,16.0
97,0.0,8.0,18.0
98,0.0,8.0,20.0
99,0.0,9.0,0.0
100,0.0,9.0,2.0
101,0.0,9.0,4.0
102,0.0,9.0,6.0
103,0.0,9.0,8.0
104,0.0,9.0,10.0
105,0.0,9.0,12.0
106,0.0,9.0,14.0
107,0.0,9.0,16.0
108,0.0,9.0,18.0
109,0.0,9.0,20.0
110,0.0,10.0,0.0
111,0.0,10.0,2.0
112,0.0,10.0,4.0
113,0.0,10.0,6.0
114,0.0,10.0,8.0
115,0.0,10.0,10.0
116,0.0,10.0,12.0
117,0.0,10.0,14.0
118,0.0,10.0,16.0
119,0.0,10.0,18.0
120,0.0,10.0,20.0
121,5.0,0.0,0.0
122,5.0,0.0,2.0
123,5.0,0.0,4.0
124,5.0,0.0,6.0
125,5.0,0.0,8.0
126,5.0,0.0,10.0
127,5.0,0.0,12.0
128,5.0,0.0,14.0
129,5.0,0.0,16.0
130,5.0,0.0,18.0
131,5.0,0.0,20.0
132,5.0,1.0,0.0
133,5.0,1.0,2.0
134,5.0,1.0,4.0
135,5.0,1.0,6.0
136,5.0,1.0,8.0
137,5.0,1.0,10.0
138,5.0,1.0,12.0
139,5.0,1.0,14.0
140,5.0,1.0,16.0
141,5.0,1.0,18.0
142,5.0,1.0,20.0
143,5.0,2.0,0.0
144,5.0,2.0,2.0
145,5.0,2.0,4.0
146,5.0,2.0,6.0
147,5.0,2.0,8.0
148,5.0,2.0,10.0
149,5.0,2.0,12.0
150,5.0,2.0,14.0
151,5.0,2.0,16.0
152,5.0,2.0,18.0
153,5.0,2.0,20.0
154,5.0,3.0,0.0
155,5.0,3.0,2.0
156,5.0,3.0,4.0
157,5.0,3.0,6.0
158,5.0,3.0,8.0
159,5.0,3.0,10.0
160,5.0,3.0,12.0
161,5.0,3.0,14.0
162,5.0,3.0,16.0
163,5.0,3.0,18.0
164,5.0,3.0,20.0
165,5.0,4.0,0.0
166,5.0,4.0,2.0
167,5.0,4.0,4.0
168,5.0,4.0,6.0
169,5.0,4.0,8.0
170,5.0,4.0,10.0
171,5.0,4.0,12.0
172,5.0,4.0,14.0
173,5.0,4.0,16.0
174,5.0,4.0,18.0
175,5.0,4.0,20.0
176,5.0,5.0,0.0
177,5.0,5.0,2.0
178,5.0,5.0,4.0
179,5.0,5.0,6.0
180,5.0,5.0,8.0
181,5.0,5.0,10.0
182,5.0,5.0,12.0
183,5.0,5.0,14.0
184,5.0,5.0,16.0
185,5.0,5.0,18.0
186,5.0,5.0,20.0
187,5.0,6.0,0.0
188,5.0,6.0,2.0
189,5.0,6.0,4.0
190,5.0,6.0,6.0
191,5.0,6.0,8.0
192,5.0,6.0,10.0
193,5.0,6.0,12.0
194,5.0,6.0,14.0
195,5.0,6.0,16.0
196,5.0,6.0,18.0
197,5.0,6.0,20.0
198,5.0,7.0,0.0
199,5.0,7.0,2.0
200,5.0,7.0,4.0
201,5.0,7.0,6.0
202,5.0,7.0,8.0
203,5.0,7.0,10.0
204,5.0,7.0,12.0
205,5.0,7.0,14.0
206,5.0,7.0,16.0
207,5.0,7.0,18.0
208,5.0,7.0,20.0
209,5.0,8.0,0.0
210,5.0,8.0,2.0
211,5.0,8.0,4.0
212,5.0,8.0,6.0
213,5.0,8.0,8.0
214,5.0,8.0,10.0
215,5.0,8.0,12.0
216,5.0,8.0,14.0
217,5.0,8.0,16.0
218,5.0,8.0,18.0
219,5.0,8.0,20.0
220,5.0,9.0,0.0
221,5.0,9.0,2.0
222,5.0,9.0,4.0
223,5.0,9.0,6.0
224,5.0,9.0,8.0
225,5.0,9.0,10.0
226,5.0,9.0,12.0
227,5.0,9.0,14.0
228,5.0,9.0,16.0
229,5.0,9.0,18.0
230,5.0,9.0,20.0
231,5.0,10.0,0.0
232,5.0,10.0,2.0
233,5.0,10.0,4.0
234,5.0,10.0,6.0
235,5.0,10.0,8.0
236,5.0,10.0,10.0
237,5.0,10.0,12.0
238,5.0,10.0,14.0
239,5.0,10.0,16.0
240,5.0,10.0,18.0
241,5.0,10.0,20.0
242,10.0,0.0,0.0
243,10.0,0.0,2.0
244,10.0,0.0,4.0
245,10.0,0.0,6.0
246,10.0,0.0,8.0
247,10.0,0.0,10.0
248,10.0,0.0,12.0
249,10.0,0.0,14.0
250,10.0,0.0,16.0
251,10.0,0.0,18.0
252,10.0,0.0,20.0
253,10.0,1.0,0.0
254,10.0,1.0,2.0
255,10.0,1.0,4.0
256,10.0,1.0,6.0
257,10.0,1.0,8.0
258,10.0,1.0,10.0
259,10.0,1.0,12.0
260,10.0,1.0,14.0
261,10.0,1.0,16.0
262,10.0,1.0,18.0
263,10.0,1.0,20.0
264,10.0,2.0,0.0
265,10.0,2.0,2.0
266,10.0,2.0,4.0
267,10.0,2.0,6.0
268,10.0,2.0,8.0
269,10.0,2.0,10.0
270,10.0,2.0,12.0
271,10.0,2.0,14.0
272,10.0,2.0,16.0
273,10.0,2.0,18.0
274,10.0,2.0,20.0
275,10.0,3.0,0.0
276,10.0,3.0,2.0
277,10.0,3.0,4.0
278,10.0,3.0,6.0
279,10.0,3.0,8.0
280,10.0,3.0,10.0
281,10.0,3.0,12.0
282,10.0,3.0,14.0
283,10.0,3.0,16.0
284,10.0,3.0,18.0
285,10.0,3.0,20.0
286,10.0,4.0,0.0
287,10.0,4.0,2.0
288,10.0,4.0,4.0
289,10.0,4.0,6.0
290,10.0,4.0,8.0
291,10.0,4.0,10.0
292,10.0,4.0,12.0
293,10.0,4.0,14.0
294,10.0,4.0,16.0
295,10.0,4.0,18.0
296,10.0,4.0,20.0
297,10.0,5.0,0.0
298,10.0,5.0,2.0
299,10.0,5.0,4.0
300,10.0,5.0,6.0
301,10.0,5.0,8.0
302,10.0,5.0,10.0
303,10.0,5.0,12.0
304,10.0,5.0,14.0
305,10.0,5.0,16.0
306,10.0,5.0,18.0
307,10.0,5.0,20.0
308,10.0,6.0,0.0
309,10.0,6.0,2.0
310,10.0,6.0,4.0
311,10.0,6.0,6.0
312,10.0,6.0,8.0
313,10.0,6.0,10.0
314,10.0,6.0,12.0
315,10.0,6.0,14.0
316,10.0,6.0,16.0
317,10.0,6.0,18.0
318,10.0,6.0,20.0
319,10.0,7.0,0.0
320,10.0,7.0,2.0
321,10.0,7.0,4.0
322,10.0,7.0,6.0
323,10.0,7.0,8.0
324,10.0,7.0,10.0
325,10.0,7.0,12.0
326,10.0,7.0,14.0
327,10.0,7.0,16.0
328,10.0,7.0,18.0
329,10.0,7.0,20.0
330,10.0,8.0,0.0
331,10.0,8.0,2.0
332,10.0,8.0,4.0
333,10.0,8.0,6.0
334,10.0,8.0,8.0
335,10.0,8.0,10.0
336,10.0,8.0,12.0
337,10.0,8.0,14.0
338,10.0,8.0,16.0
339,10.0,8.0,18.0
340,10.0,8.0,20.0
341,10.0,9.0,0.0
342,10.0,9.0,2.0
343,10.0,9.0,4.0
344,10.0,9.0,6.0
345,10.0,9.0,8.0
346,10.0,9.0,10.0
347,10.0,9.0,12.0
348,10.0,9.0,14.0
349,10.0,9.0,16.0
350,10.0,9.0,18.0
351,10.0,9.0,20.0
352,10.0,10.0,0.0
353,10.0,10.0,2.0
354,10.0,10.0,4.0
355,10.0,10.0,6.0
356,10.0,10.0,8.0
357,10.0,10.0,10.0
358,10.0,10.0,12.0
359,10.0,10.0,14.0
360,10.0,10.0,16.0
361,10.0,10.0,18.0
362,10.0,10.0,20.0
363,15.0,0.0,0.0
364,15.0,0.0,2.0
365,15.0,0.0,4.0
366,15.0,0.0,6.0
367,15.0,0.0,8.0
368,15.0,0.0,10.0
369,15.0,0.0,12.0
370,15.0,0.0,14.0
371,15.0,0.0,16.0
372,15.0,0.0,18.0
373,15.0,0.0,20.0
374,15.0,1.0,0.0
375,15.0,1.0,2.0
376,15.0,1.0,4.0
377,15.0,1.0,6.0
378,15.0,1.0,8.0
379,15.0,1.0,10.0
380,15.0,1.0,12.0
381,15.0,1.0,14.0
382,15.0,1.0,16.0
383,15.0,1.0,18.0
384,15.0,1.0,20.0
385,15.0,2.0,0.0
386,15.0,2.0,2.0
387,15.0,2.0,4.0
388,15.0,2.0,6.0
389,15.0,2.0,8.0
390,15.0,2.0,10.0
391,15.0,2.0,12.0
392,15.0,2.0,14.0
393,15.0,2.0,16.0
394,15.0,2.0,18.0
395,15.0,2.0,20.0
396,15.0,3.0,0.0
397,15.0,3.0,2.0
398,15.0,3.0,4.0
399,15.0,3.0,6.0
400,15.0,3.0,8.0
401,15.0,3.0,10.0
402,15.0,3.0,12.0
403,15.0,3.0,14.0
404,15.0,3.0,16.0
405,15.0,3.0,18.0
406,15.0,3.0,20.0
407,15.0,4.0,0.0
408,15.0,4.0,2.0
409,15.0,4.0,4.0
410,15.0,4.0,6.0
411,15.0,4.0,8.0
412,15.0,4.0,10.0
413,15.0,4.0,12.0
414,15.0,4.0,14.0
415,15.0,4.0,16.0
416,15.0,4.0,18.0
417,15.0,4.0,20.0
418,15.0,5.0,0.0
419,15.0,5.0,2.0
420,15.0,5.0,4.0
421,15.0,5.0,6.0
422,15.0,5.0,8.0
423,15.0,5.0,10.0
424,15.0,5.0,12.0
425,15.0,5.0,14.0
426,15.0,5.0,16.0
427,15.0,5.0,18.0
428,15.0,5.0,20.0
429,15.0,6.0,0.0
430,15.0,6.0,2.0
431,15.0,6.0,4.0
432,15.0,6.0,6.0
433,15.0,6.0,8.0
434,15.0,6.0,10.0
435,15.0,6.0,12.0
436,15.0,6.0,14.0
437,15.0,6.0,16.0
438,15.0,6.0,18.0
439,15.0,6.0,20.0
440,15.0,7.0,0.0
441,15.0,7.0,2.0
442,15.0,7.0,4.0
443,15.0,7.0,6.0
444,15.0,7.0,8.0
445,15.0,7.0,10.0
446,15.0,7.0,12.0
447,15.0,7.0,14.0
448,15.0,7.0,16.0
449,15.0,7.0,18.0
450,15.0,7.0,20.0
451,15.0,8.0,0.0
452,15.0,8.0,2.0
453,15.0,8.0,4.0
454,15.0,8.0,6.0
455,15.0,8.0,8.0
456,15.0,8.0,10.0
457,15.0,8.0,12.0
458,15.0,8.0,14.0
459,15.0,8.0,16.0
460,15.0,8.0,18.0
461,15.0,8.0,20.0
462,15.0,9.0,0.0
463,15.0,9.0,2.0
464,15.0,9.0,4.0
465,15.0,9.0,6.0
466,15.0,9.0,8.0
467,15.0,9.0,10.0
468,15.0,9.0,12.0
469,15.0,9.0,14.0
470,15.0,9.0,16.0
471,15.0,9.0,18.0
472,15.0,9.0,20.0
473,15.0,10.0,0.0
474,15.0,10.0,2.0
475,15.0,10.0,4.0
476,15.0,10.0,6.0
477,15.0,10.0,8.0
478,15.0,10.0,10.0
479,15.0,10.0,12.0
480,15.0,10.0,14.0
481,15.0,10.0,16.0
482,15.0,10.0,18.0
483,15.0,10.0,20.0
484,20.0,0.0,0.0
485,20.0,0.0,2.0
486,20.0,0.0,4.0
487,20.0,0.0,6.0
488,20.0,0.0,8.0
489,20.0,0.0,10.0
490,20.0,0.0,12.0
491,20.0,0.0,14.0
492,20.0,0.0,16.0
493,20.0,0.0,18.0
494,20.0,0.0,20.0
495,20.0,1.0,0.0
496,20.0,1.0,2.0
497,20.0,1.0,4.0
498,20.0,1.0,6.0
499,20.0,1.0,8.0
500,20.0,1.0,10.0
501,20.0,1.0,12.0
502,20.0,1.0,14.0
503,20.0,1.0,16.0
504,20.0,1.0,18.0
505,20.0,1.0,20.0
506,20.0,2.0,0.0
507,20.0,2.0,2.0
508,20.0,2.0,4.0
509,20.0,2.0,6.0
510,20.0,2.0,8.0
511,20.0,2.0,10.0
512,20.0,2.0,12.0
513,20.0,2.0,14.0
514,20.0,2.0,16.0
515,20.0,2.0,18.0
516,20.0,2.0,20.0
517,20.0,3.0,0.0
518,20.0,3.0,2.0
519,20.0,3.0,4.0
520,20.0,3.0,6.0
521,20.0,3.0,8.0
522,20.0,3.0,10.0
523,20.0,3.0,12.0
524,20.0,3.0,14.0
525,20.0,3.0,16.0
526,20.0,3.0,18.0
527,20.0,3.0,20.0
528,20.0,4.0,0.0
529,20.0,4.0,2.0
530,20.0,4.0,4.0
531,20.0,4.0,6.0
532,20.0,4.0,8.0
533,20.0,4.0,10.0
534,20.0,4.0,12.0
535,20.0,4.0,14.0
536,20.0,4.0,16.0
537,20.0,4.0,18.0
538,20.0,4.0,20.0
539,20.0,5.0,0.0
540,20.0,5.0,2.0
541,20.0,5.0,4.0
542,20.0,5.0,6.0
543,20.0,5.0,8.0
544,20.0,5.0,10.0
545,20.0,5.0,12.0
546,20.0,5.0,14.0
547,20.0,5.0,16.0
548,20.0,5.0,18.0
549,20.0,5.0,20.0
550,20.0,6.0,0.0
551,20.0,6.0,2.0
552,20.0,6.0,4.0
553,20.0,6.0,6.0
554,20.0,6.0,8.0
555,20.0,6.0,10.0
556,20.0,6.0,12.0
557,20.0,6.0,14.0
558,20.0,6.0,16.0
559,20.0,6.0,18.0
560,20.0,6.0,20.0
561,20.0,7.0,0.0
562,20.0,7.0,2.0
563,20.0,7.0,4.0
564,20.0,7.0,6.0
565,20.0,7.0,8.0
566,20.0,7.0,10.0
567,20.0,7.0,12.0
568,20.0,7.0,14.0
569,20.0,7.0,16.0
570,20.0,7.0,18.0
571,20.0,7.0,20.0
572,20.0,8.0,0.0
573,20.0,8.0,2.0
574,20.0,8.0,4.0
575,20.0,8.0,6.0
576,20.0,8.0,8.0
577,20.0,8.0,10.0
578,20.0,8.0,12.0
579,20.0,8.0,14.0
580,20.0,8.0,16.0
581,20.0,8.0,18.0
582,20.0,8.0,20.0
583,20.0,9.0,0.0
584,20.0,9.0,2.0
585,20.0,9.0,4.0
586,20.0,9.0,6.0
587,20.0,9.0,8.0
588,20.0,9.0,10.0
589,20.0,9.0,12.0
590,20.0,9.0,14.0
591,20.0,9.0,16.0
592,20.0,9.0,18.0
593,20.0,9.0,20.0
594,20.0,10.0,0.0
595,20.0,10.0,2.0
596,20.0,10.0,4.0
597,20.0,10.0,6.0
598,20.0,10.0,8.0
599,20.0,10.0,10.0
600,20.0,10.0,12.0
601,20.0,10.0,14.0
602,20.0,10.0,16.0
603,20.0,10.0,18.0
604,20.0,10.0,20.0
605,25.0,0.0,0.0
606,25.0,0.0,2.0
607,25.0,0.0,4.0
608,25.0,0.0,6.0
609,25.0,0.0,8.0
610,25.0,0.0,10.0
611,25.0,0.0,12.0
612,25.0,0.0,14.0
613,25.0,0.0,16.0
614,25.0,0.0,18.0
615,25.0,0.0,20.0
616,25.0,1.0,0.0
617,25.0,1.0,2.0
618,25.0,1.0,4.0
619,25.0,1.0,6.0
620,25.0,1.0,8.0
621,25.0,1.0,10.0
622,25.0,1.0,12.0
623,25.0,1.0,14.0
624,25.0,1.0,16.0
625,25.0,1.0,18.0
626,25.0,1.0,20.0
627,25.0,2.0,0.0
628,25.0,2.0,2.0
629,25.0,2.0,4.0
630,25.0,2.0,6.0
631,25.0,2.0,8.0
632,25.0,2.0,10.0
633,25.0,2.0,12.0
634,25.0,2.0,14.0
635,25.0,2.0,16.0
636,25.0,2.0,18.0
637,25.0,2.0,20.0
638,25.0,3.0,0.0
639,25.0,3.0,2.0
640,25.0,3.0,4.0
641,25.0,3.0,6.0
642,25.0,3.0,8.0
643,25.0,3.0,10.0
644,25.0,3.0,12.0
645,25.0,3.0,14.0
646,25.0,3.0,16.0
647,25.0,3.0,18.0
648,25.0,3.0,20.0
649,25.0,4.0,0.0
650,25.0,4.0,2.0
651,25.0,4.0,4.0
652,25.0,4.0,6.0
653,25.0,4.0,8.0
654,25.0,4.0,10.0
655,25.0,4.0,12.0
656,25.0,4.0,14.0
657,25.0,4.0,16.0
658,25.0,4.0,18.0
659,25.0,4.0,20.0
660,25.0,5.0,0.0
661,25.0,5.0,2.0
662,25.0,5.0,4.0
663,25.0,5.0,6.0
664,25.0,5.0,8.0
665,25.0,5.0,10.0
666,25.0,5.0,12.0
667,25.0,5.0,14.0
668,25.0,5.0,16.0
669,25.0,5.0,18.0
670,25.0,5.0,20.0
671,25.0,6.0,0.0
672,25.0,6.0,2.0
673,25.0,6.0,4.0
674,25.0,6.0,6.0
675,25.0,6.0,8.0
676,25.0,6.0,10.0
677,25.0,6.0,12.0
678,25.0,6.0,14.0
679,25.0,6.0,16.0
680,25.0,6.0,18.0
681,25.0,6.0,20.0
682,25.0,7.0,0.0
683,25.0,7.0,2.0
684,25.0,7.0,4.0
685,25.0,7.0,6.0
686,25.0,7.0,8.0
687,25.0,7.0,10.0
688,25.0,7.0,12.0
689,25.0,7.0,14.0
690,25.0,7.0,16.0
691,25.0,7.0,18.0
692,25.0,7.0,20.0
693,25.0,8.0,0.0
694,25.0,8.0,2.0
695,25.0,8.0,4.0
696,25.0,8.0,6.0
697,25.0,8.0,8.0
698,25.0,8.0,10.0
699,25.0,8.0,12.0
700,25.0,8.0,14.0
701,25.0,8.0,16.0
702,25.0,8.0,18.0
703,25.0,8.0,20.0
704,25.0,9.0,0.0
705,25.0,9.0,2.0
706,25.0,9.0,4.0
707,25.0,9.0,6.0
708,25.0,9.0,8.0
709,25.0,9.0,10.0
710,25.0,9.0,12.0
711,25.0,9.0,14.0
712,25.0,9.0,16.0
713,25.0,9.0,18.0
714,25.0,9.0,20.0
715,25.0,10.0,0.0
716,25.0,10.0,2.0
717,25.0,10.0,4.0
718,25.0,10.0,6.0
719,25.0,10.0,8.0
720,25.0,10.0,10.0
721,25.0,10.0,12.0
722,25.0,10.0,14.0
723,25.0,10.0,16.0
724,25.0,10.0,18.0
725,25.0,10.0,20.0
726,30.0,0.0,0.0
727,30.0,0.0,2.0
728,30.0,0.0,4.0
729,30.0,0.0,6.0
730,30.0,0.0,8.0
731,30.0,0.0,10.0
732,30.0,0.0,12.0
733,30.0,0.0,14.0
734,30.0,0.0,16.0
735,30.0,0.0,18.0
736,30.0,0.0,20.0
737,30.0,1.0,0.0
738,30.0,1.0,2.0
739,30.0,1.0,4.0
740,30.0,1.0,6.0
741,30.0,1.0,8.0
742,30.0,1.0,10.0
743,30.0,1.0,12.0
744,30.0,1.0,14.0
745,30.0,1.0,16.0
746,30.0,1.0,18.0
747,30.0,1.0,20.0
748,30.0,2.0,0.0
749,30.0,2.0,2.0
750,30.0,2.0,4.0
751,30.0,2.0,6.0
752,30.0,2.0,8.0
753,30.0,2.0,10.0
754,30.0,2.0,12.0
755,30.0,2.0,14.0
756,30.0,2.0,16.0
757,30.0,2.0,18.0
758,30.0,2.0,20.0
759,30.0,3.0,0.0
760,30.0,3.0,2.0
761,30.0,3.0,4.0
762,30.0,3.0,6.0
763,30.0,3.0,8.0
764,30.0,3.0,10.0
765,30.0,3.0,12.0
766,30.0,3.0,14.0
767,30.0,3.0,16.0
768,30.0,3.0,18.0
769,30.0,3.0,20.0
770,30.0,4.0,0.0
771,30.0,4.0,2.0
772,30.0,4.0,4.0
773,30.0,4.0,6.0
774,30.0,4.0,8.0
775,30.0,4.0,10.0
776,30.0,4.0,12.0
777,30.0,4.0,14.0
778,30.0,4.0,16.0
779,30.0,4.0,18.0
780,30.0,4.0,20.0
781,30.0,5.0,0.0
782,30.0,5.0,2.0
783,30.0,5.0,4.0
784,30.0,5.0,6.0
785,30.0,5.0,8.0
786,30.0,5.0,10.0
787,30.0,5.0,12.0
788,30.0,5.0,14.0
789,30.0,5.0,16.0
790,30.0,5.0,18.0
791,30.0,5.0,20.0
792,30.0,6.0,0.0
793,30.0,6.0,2.0
794,30.0,6.0,4.0
795,30.0,6.0,6.0
796,30.0,6.0,8.0
797,30.0,6.0,10.0
798,30.0,6.0,12.0
799,30.0,6.0,14.0
800,30.0,6.0,16.0
801,30.0,6.0,18.0
802,30.0,6.0,20.0
803,30.0,7.0,0.0
804,30.0,7.0,2.0
805,30.0,7.0,4.0
806,30.0,7.0,6.0
807,30.0,7.0,8.0
808,30.0,7.0,10.0
809,30.0,7.0,12.0
810,30.0,7.0,14.0
811,30.0,7.0,16.0
812,30.0,7.0,18.0
813,30.0,7.0,20.0
814,30.0,8.0,0.0
815,30.0,8.0,2.0
816,30.0,8.0,4.0
817,30.0,8.0,6.0
818,30.0,8.0,8.0
819,30.0,8.0,10.0
820,30.0,8.0,12.0
821,30.0,8.0,14.0
822,30.0,8.0,16.0
823,30.0,8.0,18.0
824,30.0,8.0,20.0
825,30.0,9.0,0.0
826,30.0,9.0,2.0
827,30.0,9.0,4.0
828,30.0,9.0,6.0
829,30.0,9.0,8.0
830,30.0,9.0,10.0
831,30.0,9.0,12.0
832,30.0,9.0,14.0
833,30.0,9.0,16.0
834,30.0,9.0,18.0
835,30.0,9.0,20.0
836,30.0,10.0,0.0
837,30.0,10.0,2.0
838,30.0,10.0,4.0
839,30.0,10.0,6.0
840,30.0,10.0,8.0
841,30.0,10.0,10.0
842,30.0,10.0,12.0
843,30.0,10.0,14.0
844,30.0,10.0,16.0
845,30.0,10.0,18.0
846,30.0,10.0,20.0
847,35.0,0.0,0.0
848,35.0,0.0,2.0
849,35.0,0.0,4.0
850,35.0,0.0,6.0
851,35.0,0.0,8.0
852,35.0,0.0,10.0
853,35.0,0.0,12.0
854,35.0,0.0,14.0
855,35.0,0.0,16.0
856,35.0,0.0,18.0
857,35.0,0.0,20.0
858,35.0,1.0,0.0
859,35.0,1.0,2.0
860,35.0,1.0,4.0
861,35.0,1.0,6.0
862,35.0,1.0,8.0
863,35.0,1.0,10.0
864,35.0,1.0,12.0
865,35.0,1.0,14.0
866,35.0,1.0,16.0
867,35.0,1.0,18.0
868,35.0,1.0,20.0
869,35.0,2.0,0.0
870,35.0,2.0,2.0
871,35.0,2.0,4.0
872,35.0,2.0,6.0
873,35.0,2.0,8.0
874,35.0,2.0,10.0
875,35.0,2.0,12.0
876,35.0,2.0,14.0
877,35.0,2.0,16.0
878,35.0,2.0,18.0
879,35.0,2.0,20.0
880,35.0,3.0,0.0
881,35.0,3.0,2.0
882,35.0,3.0,4.0
883,35.0,3.0,6.0
884,35.0,3.0,8.0
885,35.0,3.0,10.0
886,35.0,3.0,12.0
887,35.0,3.0,14.0
888,35.0,3.0,16.0
889,35.0,3.0,18.0
890,35.0,3.0,20.0
891,35.0,4.0,0.0
892,35.0,4.0,2.0
893,35.0,4.0,4.0
894,35.0,4.0,6.0
895,35.0,4.0,8.0
896,35.0,4.0,10.0
897,35.0,4.0,12.0
898,35.0,4.0,14.0
899,35.0,4.0,16.0
900,35.0,4.0,18.0
901,35.0,4.0,20.0
902,35.0,5.0,0.0
903,35.0,5.0,2.0
904,35.0,5.0,4.0
905,35.0,5.0,6.0
906,35.0,5.0,8.0
907,35.0,5.0,10.0
908,35.0,5.0,12.0
909,35.0,5.0,14.0
910,35.0,5.0,16.0
911,35.0,5.0,18.0
912,35.0,5.0,20.0
913,35.0,6.0,0.0
914,35.0,6.0,2.0
915,35.0,6.0,4.0
916,35.0,6.0,6.0
917,35.0,6.0,8.0
918,35.0,6.0,10.0
919,35.0,6.0,12.0
920,35.0,6.0,14.0
921,35.0,6.0,16.0
922,35.0,6.0,18.0
923,35.0,6.0,20.0
924,35.0,7.0,0.0
925,35.0,7.0,2.0
926,35.0,7.0,4.0
927,35.0,7.0,6.0
928,35.0,7.0,8.0
929,35.0,7.0,10.0
930,35.0,7.0,12.0
931,35.0,7.0,14.0
932,35.0,7.0,16.0
933,35.0,7.0,18.0
934,35.0,7.0,20.0
935,35.0,8.0,0.0
936,35.0,8.0,2.0
937,35.0,8.0,4.0
938,35.0,8.0,6.0
939,35.0,8.0,8.0
940,35.0,8.0,10.0
941,35.0,8.0,12.0
942,35.0,8.0,14.0
943,35.0,8.0,16.0
944,35.0,8.0,18.0
945,35.0,8.0,20.0
946,35.0,9.0,0.0
947,35.0,9.0,2.0
948,35.0,9.0,4.0
949,35.0,9.0,6.0
950,35.0,9.0,8.0
951,35.0,9.0,10.0
952,35.0,9.0,12.0
953,35.0,9.0,14.0
954,35.0,9.0,16.0
955,35.0,9.0,18.0
956,35.0,9.0,20.0
957,35.0,10.0,0.0
958,35.0,10.0,2.0
959,35.0,10.0,4.0
960,35.0,10.0,6.0
961,35.0,10.0,8.0
962,35.0,10.0,10.0
963,35.0,10.0,12.0
964,35.0,10.0,14.0
965,35.0,10.0,16.0
966,35.0,10.0,18.0
967,35.0,10.0,20.0
968,40.0,0.0,0.0
969,40.0,0.0,2.0
970,40.0,0.0,4.0
971,40.0,0.0,6.0
972,40.0,0.0,8.0
973,40.0,0.0,10.0
974,40.0,0.0,12.0
975,40.0,0.0,14.0
976,40.0,0.0,16.0
977,40.0,0.0,18.0
978,40.0,0.0,20.0
979,40.0,1.0,0.0
980,40.0,1.0,2.0
981,40.0,1.0,4.0
982,40.0,1.0,6.0
983,40.0,1.0,8.0
984,40.0,1.0,10.0
985,40.0,1.0,12.0
986,40.0,1.0,14.0
987,40.0,1.0,16.0
988,40.0,1.0,18.0
989,40.0,1.0,20.0
990,40.0,2.0,0.0
991,40.0,2.0,2.0
992,40.0,2.0,4.0
993,40.0,2.0,6.0
994,40.0,2.0,8.0
995,40.0,2.0,10.0
996,40.0,2.0,12.0
997,40.0,2.0,14.0
998,40.0,2.0,16.0
999,40.0,2.0,18.0
1000,40.0,2.0,20.0
1001,40.0,3.0,0.0
1002,40.0,3.0,2.0
1003,40.0,3.0,4.0
1004,40.0,3.0,6.0
1005,40.0,3.0,8.0
1006,40.0,3.0,10.0
1007,40.0,3.0,12.0
1008,40.0,3.0,14.0
1009,40.0,3.0,16.0
1010,40.0,3.0,18.0
1011,40.0,3.0,20.0
1012,40.0,4.0,0.0
1013,40.0,4.0,2.0
1014,40.0,4.0,4.0
1015,40.0,4.0,6.0
1016,40.0,4.0,8.0
1017,40.0,4.0,10.0
1018,40.0,4.0,12.0
1019,40.0,4.0,14.0
1020,40.0,4.0,16.0
1021,40.0,4.0,18.0
1022,40.0,4.0,20.0
1023,40.0,5.0,0.0
1024,40.0,5.0,2.0
1025,40.0,5.0,4.0
1026,40.0,5.0,6.0
1027,40.0,5.0,8.0
1028,40.0,5.0,10.0
1029,40.0,5.0,12.0
1030,40.0,5.0,14.0
1031,40.0,5.0,16.0
1032,40.0,5.0,18.0
1033,40.0,5.0,20.0
1034,40.0,6.0,0.0
1035,40.0,6.0,2.0
1036,40.0,6.0,4.0
1037,40.0,6.0,6.0
1038,40.0,6.0,8.0
1039,40.0,6.0,10.0
1040,40.0,6.0,12.0
1041,40.0,6.0,14.0
1042,40.0,6.0,16.0
1043,40.0,6.0,18.0
1044,40.0,6.0,20.0
1045,40.0,7.0,0.0
1046,40.0,7.0,2.0
1047,40.0,7.0,4.0
1048,40.0,7.0,6.0
1049,40.0,7.0,8.0
1050,40.0,7.0,10.0
1051,40.0,7.0,12.0
1052,40.0,7.0,14.0
1053,40.0,7.0,16.0
1054,40.0,7.0,18.0
1055,40.0,7.0,20.0
1056,40.0,8.0,0.0
1057,40.0,8.0,2.0
1058,40.0,8.0,4.0
1059,40.0,8.0,6.0
1060,40.0,8.0,8.0
1061,40.0,8.0,10.0
1062,40.0,8.0,12.0
1063,40.0,8.0,14.0
1064,40.0,8.0,16.0
1065,40.0,8.0,18.0
1066,40.0,8.0,20.0
1067,40.0,9.0,0.0
1068,40.0,9.0,2.0
1069,40.0,9.0,4.0
1070,40.0,9.0,6.0
1071,40.0,9.0,8.0
1072,40.0,9.0,10.0
1073,40.0,9.0,12.0
1074,40.0,9.0,14.0
1075,40.0,9.0,16.0
1076,40.0,9.0,18.0
1077,40.0,9.0,20.0
1078,40.0,10.0,0.0
1079,40.0,10.0,2.0
1080,40.0,10.0,4.0
1081,40.0,10.0,6.0
1082,40.0,10.0,8.0
1083,40.0,10.0,10.0
1084,40.0,10.0,12.0
1085,40.0,10.0,14.0
1086,40.0,10.0,16.0
1087,40.0,10.0,18.0
1088,40.0,10.0,20.0
1089,45.0,0.0,0.0
1090,45.0,0.0,2.0
1091,45.0,0.0,4.0
1092,45.0,0.0,6.0
1093,45.0,0.0,8.0
1094,45.0,0.0,10.0
1095,45.0,0.0,12.0
1096,45.0,0.0,14.0
1097,45.0,0.0,16.0
1098,45.0,0.0,18.0
1099,45.0,0.0,20.0
1100,45.0,1.0,0.0
1101,45.0,1.0,2.0
1102,45.0,1.0,4.0
1103,45.0,1.0,6.0
1104,45.0,1.0,8.0
1105,45.0,1.0,10.0
1106,45.0,1.0,12.0
1107,45.0,1.0,14.0
1108,45.0,1.0,16.0
1109,45.0,1.0,18.0
1110,45.0,1.0,20.0
1111,45.0,2.0,0.0
1112,45.0,2.0,2.0
1113,45.0,2.0,4.0
1114,45.0,2.0,6.0
1115,45.0,2.0,8.0
1116,45.0,2.0,10.0
1117,45.0,2.0,12.0
1118,45.0,2.0,14.0
1119,45.0,2.0,16.0
1120,45.0,2.0,18.0
1121,45.0,2.0,20.0
1122,45.0,3.0,0.0
1123,45.0,3.0,2.0
1124,45.0,3.0,4.0
1125,45.0,3.0,6.0
1126,45.0,3.0,8.0
1127,45.0,3.0,10.0
1128,45.0,3.0,12.0
1129,45.0,3.0,14.0
1130,45.0,3.0,16.0
1131,45.0,3.0,18.0
1132,45.0,3.0,20.0
1133,45.0,4.0,0.0
1134,45.0,4.0,2.0
1135,45.0,4.0,4.0
1136,45.0,4.0,6.0
1137,45.0,4.0,8.0
1138,45.0,4.0,10.0
1139,45.0,4.0,12.0
1140,45.0,4.0,14.0
1141,45.0,4.0,16.0
1142,45.0,4.0,18.0
1143,45.0,4.0,20.0
1144,45.0,5.0,0.0
1145,45.0,5.0,2.0
1146,45.0,5.0,4.0
1147,45.0,5.0,6.0
1148,45.0,5.0,8.0
1149,45.0,5.0,10.0
1150,45.0,5.0,12.0
1151,45.0,5.0,14.0
1152,45.0,5.0,16.0
1153,45.0,5.0,18.0
1154,45.0,5.0,20.0
1155,45.0,6.0,0.0
1156,45.0,6.0,2.0
1157,45.0,6.0,4.0
1158,45.0,6.0,6.0
1159,45.0,6.0,8.0
1160,45.0,6.0,10.0
1161,45.0,6.0,12.0
1162,45.0,6.0,14.0
1163,45.0,6.0,16.0
1164,45.0,6.0,18.0
1165,45.0,6.0,20.0
1166,45.0,7.0,0.0
1167,45.0,7.0,2.0
1168,45.0,7.0,4.0
1169,45.0,7.0,6.0
1170,45.0,7.0,8.0
1171,45.0,7.0,10.0
1172,45.0,7.0,12.0
1173,45.0,7.0,14.0
1174,45.0,7.0,16.0
1175,45.0,7.0,18.0
1176,45.0,7.0,20.0
1177,45.0,8.0,0.0
1178,45.0,8.0,2.0
1179,45.0,8.0,4.0
1180,45.0,8.0,6.0
1181,45.0,8.0,8.0
1182,45.0,8.0,10.0
1183,45.0,8.0,12.0
1184,45.0,8.0,14.0
1185,45.0,8.0,16.0
1186,45.0,8.0,18.0
1187,45.0,8.0,20.0
1188,45.0,9.0,0.0
1189,45.0,9.0,2.0
1190,45.0,9.0,4.0
1191,45.0,9.0,6.0
1192,45.0,9.0,8.0
1193,45.0,9.0,10.0
1194,45.0,9.0,12.0
1195,45.0,9.0,14.0
1196,45.0,9.0,16.0
1197,45.0,9.0,18.0
1198,45.0,9.0,20.0
1199,45.0,10.0,0.0
1200,45.0,10.0,2.0
1201,45.0,10.0,4.0
1202,45.0,10.0,6.0
1203,45.0,10.0,8.0
1204,45.0,10.0,10.0
1205,45.0,10.0,12.0
1206,45.0,10.0,14.0
1207,45.0,10.0,16.0
1208,45.0,10.0,18.0
1209,45.0,10.0,20.0
1210,50.0,0.0,0.0
1211,50.0,0.0,2.0
1212,50.0,0.0,4.0
1213,50.0,0.0,6.0
1214,50.0,0.0,8.0
1215,50.0,0.0,10.0
1216,50.0,0.0,12.0
1217,50.0,0.0,14.0
1218,50.0,0.0,16.0
1219,50.0,0.0,18.0
1220,50.0,0.0,20.0
1221,50.0,1.0,0.0
1222,50.0,1.0,2.0
1223,50.0,1.0,4.0
1224,50.0,1.0,6.0
1225,50.0,1.0,8.0
1226,50.0,1.0,10.0
1227,50.0,1.0,12.0
1228,50.0,1.0,14.0
1229,50.0,1.0,16.0
1230,50.0,1.0,18.0
1231,50.0,1.0,20.0
1232,50.0,2.0,0.0
1233,50.0,2.0,2.0
1234,50.0,2.0,4.0
1235,50.0,2.0,6.0
1236,50.0,2.0,8.0
1237,50.0,2.0,10.0
1238,50.0,2.0,12.0
1239,50.0,2.0,14.0
1240,50.0,2.0,16.0
1241,50.0,2.0,18.0
1242,50.0,2.0,20.0
1243,50.0,3.0,0.0
1244,50.0,3.0,2.0
1245,50.0,3.0,4.0
1246,50.0,3.0,6.0
1247,50.0,3.0,8.0
1248,50.0,3.0,10.0
1249,50.0,3.0,12.0
1250,50.0,3.0,14.0
1251,50.0,3.0,16.0
1252,50.0,3.0,18.0
1253,50.0,3.0,20.0
1254,50.0,4.0,0.0
1255,50.0,4.0,2.0
1256,50.0,4.0,4.0
1257,50.0,4.0,6.0
1258,50.0,4.0,8.0
1259,50.0,4.0,10.0
1260,50.0,4.0,12.0
1261,50.0,4.0,14.0
1262,50.0,4.0,16.0
1263,50.0,4.0,18.0
1264,50.0,4.0,20.0
1265,50.0,5.0,0.0
1266,50.0,5.0,2.0
1267,50.0,5.0,4.0
1268,50.0,5.0,6.0
1269,50.0,5.0,8.0
1270,50.0,5.0,10.0
1271,50.0,5.0,12.0
1272,50.0,5.0,14.0
1273,50.0,5.0,16.0
1274,50.0,5.0,18.0
1275,50.0,5.0,20.0
1276,50.0,6.0,0.0
1277,50.0,6.0,2.0
1278,50.0,6.0,4.0
1279,50.0,6.0,6.0
1280,50.0,6.0,8.0
1281,50.0,6.0,10.0
1282,50.0,6.0,12.0
1283,50.0,6.0,14.0
1284,50.0,6.0,16.0
1285,50.0,6.0,18.0
1286,50.0,6.0,20.0
1287,50.0,7.0,0.0
1288,50.0,7.0,2.0
1289,50.0,7.0,4.0
1290,50.0,7.0,6.0
1291,50.0,7.0,8.0
1292,50.0,7.0,10.0
1293,50.0,7.0,12.0
1294,50.0,7.0,14.0
1295,50.0,7.0,16.0
1296,50.0,7.0,18.0
1297,50.0,7.0,20.0
1298,50.0,8.0,0.0
1299,50.0,8.0,2.0
1300,50.0,8.0,4.0
1301,50.0,8.0,6.0
1302,50.0,8.0,8.0
1303,50.0,8.0,10.0
1304,50.0,8.0,12.0
1305,50.0,8.0,14.0
1306,50.0,8.0,16.0
1307,50.0,8.0,18.0
1308,50.0,8.0,20.0
1309,50.0,9.0,0.0
1310,50.0,9.0,2.0
1311,50.0,9.0,4.0
1312,50.0,9.0,6.0
1313,50.0,9.0,8.0
1314,50.0,9.0,10.0
1315,50.0,9.0,12.0
1316,50.0,9.0,14.0
1317,50.0,9.0,16.0
1318,50.0,9.0,18.0
1319,50.0,9.0,20.0
1320,50.0,10.0,0.0
1321,50.0,10.0,2.0
1322,50.0,10.0,4.0
1323,50.0,10.0,6.0
1324,50.0,10.0,8.0
1325,50.0,10.0,10.0
1326,50.0,10.0,12.0
1327,50.0,10.0,14.0
1328,50.0,10.0,16.0
1329,50.0,10.0,18.0
1330,50.0,10.0,20.0
1331,55.0,0.0,0.0
1332,55.0,0.0,2.0
1333,55.0,0.0,4.0
1334,55.0,0.0,6.0
1335,55.0,0.0,8.0
1336,55.0,0.0,10.0
1337,55.0,0.0,12.0
1338,55.0,0.0,14.0
1339,55.0,0.0,16.0
1340,55.0,0.0,18.0
1341,55.0,0.0,20.0
1342,55.0,1.0,0.0
1343,55.0,1.0,2.0
1344,55.0,1.0,4.0
1345,55.0,1.0,6.0
1346,55.0,1.0,8.0
1347,55.0,1.0,10.0
1348,55.0,1.0,12.0
1349,55.0,1.0,14.0
1350,55.0,1.0,16.0
1351,55.0,1.0,18.0
1352,55.0,1.0,20.0
1353,55.0,2.0,0.0
1354,55.0,2.0,2.0
1355,55.0,2.0,4.0
1356,55.0,2.0,6.0
1357,55.0,2.0,8.0
1358,55.0,2.0,10.0
1359,55.0,2.0,12.0
1360,55.0,2.0,14.0
1361,55.0,2.0,16.0
1362,55.0,2.0,18.0
1363,55.0,2.0,20.0
1364,55.0,3.0,0.0
1365,55.0,3.0,2.0
1366,55.0,3.0,4.0
1367,55.0,3.0,6.0
1368,55.0,3.0,8.0
1369,55.0,3.0,10.0
1370,55.0,3.0,12.0
1371,55.0,3.0,14.0
1372,55.0,3.0,16.0
1373,55.0,3.0,18.0
1374,55.0,3.0,20.0
1375,55.0,4.0,0.0
1376,55.0,4.0,2.0
1377,55.0,4.0,4.0
1378,55.0,4.0,6.0
1379,55.0,4.0,8.0
1380,55.0,4.0,10.0
1381,55.0,4.0,12.0
1382,55.0,4.0,14.0
1383,55.0,4.0,16.0
1384,55.0,4.0,18.0
1385,55.0,4.0,20.0
1386,55.0,5.0,0.0
1387,55.0,5.0,2.0
1388,55.0,5.0,4.0
1389,55.0,5.0,6.0
1390,55.0,5.0,8.0
1391,55.0,5.0,10.0
1392,55.0,5.0,12.0
1393,55.0,5.0,14.0
1394,55.0,5.0,16.0
1395,55.0,5.0,18.0
1396,55.0,5.0,20.0
1397,55.0,6.0,0.0
1398,55.0,6.0,2.0
1399,55.0,6.0,4.0
1400,55.0,6.0,6.0
1401,55.0,6.0,8.0
1402,55.0,6.0,10.0
1403,55.0,6.0,12.0
1404,55.0,6.0,14.0
1405,55.0,6.0,16.0
1406,55.0,6.0,18.0
1407,55.0,6.0,20.0
1408,55.0,7.0,0.0
1409,55.0,7.0,2.0
1410,55.0,7.0,4.0
1411,55.0,7.0,6.0
1412,55.0,7.0,8.0
1413,55.0,7.0,10.0
1414,55.0,7.0,12.0
1415,55.0,7.0,14.0
1416,55.0,7.0,16.0
1417,55.0,7.0,18.0
1418,55.0,7.0,20.0
1419,55.0,8.0,0.0
1420,55.0,8.0,2.0
1421,55.0,8.0,4.0
1422,55.0,8.0,6.0
1423,55.0,8.0,8.0
1424,55.0,8.0,10.0
1425,55.0,8.0,12.0
1426,55.0,8.0,14.0
1427,55.0,8.0,16.0
1428,55.0,8.0,18.0
1429,55.0,8.0,20.0
1430,55.0,9.0,0.0
1431,55.0,9.0,2.0
1432,55.0,9.0,4.0
1433,55.0,9.0,6.0
1434,55.0,9.0,8.0
1435,55.0,9.0,10.0
1436,55.0,9.0,12.0
1437,55.0,9.0,14.0
1438,55.0,9.0,16.0
1439,55.0,9.0,18.0
1440,55.0,9.0,20.0
1441,55.0,10.0,0.0
1442,55.0,10.0,2.0
1443,55.0,10.0,4.0
1444,55.0,10.0,6.0
1445,55.0,10.0,8.0
1446,55.0,10.0,10.0
1447,55.0,10.0,12.0
1448,55.0,10.0,14.0
1449,55.0,10.0,16.0
1450,55.0,10.0,18.0
1451,55.0,10.0,20.0
1452,60.0,0.0,0.0
1453,60.0,0.0,2.0
1454,60.0,0.0,4.0
1455,60.0,0.0,6.0
1456,60.0,0.0,8.0
1457,60.0,0.0,10.0
1458,60.0,0.0,12.0
1459,60.0,0.0,14.0
1460,60.0,0.0,16.0
1461,60.0,0.0,18.0
1462,60.0,0.0,20.0
1463,60.0,1.0,0.0
1464,60.0,1.0,2.0
1465,60.0,1.0,4.0
1466,60.0,1.0,6.0
1467,60.0,1.0,8.0
1468,60.0,1.0,10.0
1469,60.0,1.0,12.0
1470,60.0,1.0,14.0
1471,60.0,1.0,16.0
1472,60.0,1.0,18.0
1473,60.0,1.0,20.0
1474,60.0,2.0,0.0
1475,60.0,2.0,2.0
1476,60.0,2.0,4.0
1477,60.0,2.0,6.0
1478,60.0,2.0,8.0
1479,60.0,2.0,10.0
1480,60.0,2.0,12.0
1481,60.0,2.0,14.0
1482,60.0,2.0,16.0
1483,60.0,2.0,18.0
1484,60.0,2.0,20.0
1485,60.0,3.0,0.0
1486,60.0,3.0,2.0
1487,60.0,3.0,4.0
1488,60.0,3.0,6.0
1489,60.0,3.0,8.0
1490,60.0,3.0,10.0
1491,60.0,3.0,12.0
1492,60.0,3.0,14.0
1493,60.0,3.0,16.0
1494,60.0,3.0,18.0
1495,60.0,3.0,20.0
1496,60.0,4.0,0.0
1497,60.0,4.0,2.0
1498,60.0,4.0,4.0
1499,60.0,4.0,6.0
1500,60.0,4.0,8.0
1501,60.0,4.0,10.0
1502,60.0,4.0,12.0
1503,60.0,4.0,14.0
1504,60.0,4.0,16.0
1505,60.0,4.0,18.0
1506,60.0,4.0,20.0
1507,60.0,5.0,0.0
1508,60.0,5.0,2.0
1509,60.0,5.0,4.0
1510,60.0,5.0,6.0
1511,60.0,5.0,8.0
1512,60.0,5.0,10.0
1513,60.0,5.0,12.0
1514,60.0,5.0,14.0
1515,60.0,5.0,16.0
1516,60.0,5.0,18.0
1517,60.0,5.0,20.0
1518,60.0,6.0,0.0
1519,60.0,6.0,2.0
1520,60.0,6.0,4.0
1521,60.0,6.0,6.0
1522,60.0,6.0,8.0
1523,60.0,6.0,10.0
1524,60.0,6.0,12.0
1525,60.0,6.0,14.0
1526,60.0,6.0,16.0
1527,60.0,6.0,18.0
1528,60.0,6.0,20.0
1529,60.0,7.0,0.0
1530,60.0,7.0,2.0
1531,60.0,7.0,4.0
1532,60.0,7.0,6.0
1533,60.0,7.0,8.0
1534,60.0,7.0,10.0
1535,60.0,7.0,12.0
1536,60.0,7.0,14.0
1537,60.0,7.0,16.0
1538,60.0,7.0,18.0
1539,60.0,7.0,20.0
1540,60.0,8.0,0.0
1541,60.0,8.0,2.0
1542,60.0,8.0,4.0
1543,60.0,8.0,6.0
1544,60.0,8.0,8.0
1545,60.0,8.0,10.0
1546,60.0,8.0,12.0
1547,60.0,8.0,14.0
1548,60.0,8.0,16.0
1549,60.0,8.0,18.0
1550,60.0,8.0,20.0
1551,60.0,9.0,0.0
1552,60.0,9.0,2.0
1553,60.0,9.0,4.0
1554,60.0,9.0,6.0
1555,60.0,9.0,8.0
1556,60.0,9.0,10.0
1557,60.0,9.0,12.0
1558,60.0,9.0,14.0
1559,60.0,9.0,16.0
1560,60.0,9.0,18.0
1561,60.0,9.0,20.0
1562,60.0,10.0,0.0
1563,60.0,10.0,2.0
1564,60.0,10.0,4.0
1565,60.0,10.0,6.0
1566,60.0,10.0,8.0
1567,60.0,10.0,10.0
1568,60.0,10.0,12.0
1569,60.0,10.0,14.0
1570,60.0,10.0,16.0
1571,60.0,10.0,18.0
1572,60.0,10.0,20.0
1573,65.0,0.0,0.0
1574,65.0,0.0,2.0
1575,65.0,0.0,4.0
1576,65.0,0.0,6.0
1577,65.0,0.0,8.0
1578,65.0,0.0,10.0
1579,65.0,0.0,12.0
1580,65.0,0.0,14.0
1581,65.0,0.0,16.0
1582,65.0,0.0,18.0
1583,65.0,0.0,20.0
1584,65.0,1.0,0.0
1585,65.0,1.0,2.0
1586,65.0,1.0,4.0
1587,65.0,1.0,6.0
1588,65.0,1.0,8.0
1589,65.0,1.0,10.0
1590,65.0,1.0,12.0
1591,65.0,1.0,14.0
1592,65.0,1.0,16.0
1593,65.0,1.0,18.0
1594,65.0,1.0,20.0
1595,65.0,2.0,0.0
1596,65.0,2.0,2.0
1597,65.0,2.0,4.0
1598,65.0,2.0,6.0
1599,65.0,2.0,8.0
1600,65.0,2.0,10.0
1601,65.0,2.0,12.0
1602,65.0,2.0,14.0
1603,65.0,2.0,16.0
1604,65.0,2.0,18.0
1605,65.0,2.0,20.0
1606,65.0,3.0,0.0
1607,65.0,3.0,2.0
1608,65.0,3.0,4.0
1609,65.0,3.0,6.0
1610,65.0,3.0,8.0
1611,65.0,3.0,10.0
1612,65.0,3.0,12.0
1613,65.0,3.0,14.0
1614,65.0,3.0,16.0
1615,65.0,3.0,18.0
1616,65.0,3.0,20.0
1617,65.0,4.0,0.0
1618,65.0,4.0,2.0
1619,65.0,4.0,4.0
1620,65.0,4.0,6.0
1621,65.0,4.0,8.0
1622,65.0,4.0,10.0
1623,65.0,4.0,12.0
1624,65.0,4.0,14.0
1625,65.0,4.0,16.0
1626,65.0,4.0,18.0
1627,65.0,4.0,20.0
1628,65.0,5.0,0.0
1629,65.0,5.0,2.0
1630,65.0,5.0,4.0
1631,65.0,5.0,6.0
1632,65.0,5.0,8.0
1633,65.0,5.0,10.0
1634,65.0,5.0,12.0
1635,65.0,5.0,14.0
1636,65.0,5.0,16.0
1637,65.0,5.0,18.0
1638,65.0,5.0,20.0
1639,65.0,6.0,0.0
1640,65.0,6.0,2.0
1641,65.0,6.0,4.0
1642,65.0,6.0,6.0
1643,65.0,6.0,8.0
1644,65.0,6.0,10.0
1645,65.0,6.0,12.0
1646,65.0,6.0,14.0
1647,65.0,6.0,16.0
1648,65.0,6.0,18.0
1649,65.0,6.0,20.0
1650,65.0,7.0,0.0
1651,65.0,7.0,2.0
1652,65.0,7.0,4.0
1653,65.0,7.0,6.0
1654,65.0,7.0,8.0
1655,65.0,7.0,10.0
1656,65.0,7.0,12.0
1657,65.0,7.0,14.0
1658,65.0,7.0,16.0
1659,65.0,7.0,18.0
1660,65.0,7.0,20.0
1661,65.0,8.0,0.0
1662,65.0,8.0,2.0
1663,65.0,8.0,4.0
1664,65.0,8.0,6.0
1665,65.0,8.0,8.0
1666,65.0,8.0,10.0
1667,65.0,8.0,12.0
1668,65.0,8.0,14.0
1669,65.0,8.0,16.0
1670,65.0,8.0,18.0
1671,65.0,8.0,20.0
1672,65.0,9.0,0.0
1673,65.0,9.0,2.0
1674,65.0,9.0,4.0
1675,65.0,9.0,6.0
1676,65.0,9.0,8.0
1677,65.0,9.0,10.0
1678,65.0,9.0,12.0
1679,65.0,9.0,14.0
1680,65.0,9.0,16.0
1681,65.0,9.0,18.0
1682,65.0,9.0,20.0
1683,65.0,10.0,0.0
1684,65.0,10.0,2.0
1685,65.0,10.0,4.0
1686,65.0,10.0,6.0
1687,65.0,10.0,8.0
1688,65.0,10.0,10.0
1689,65.0,10.0,12.0
1690,65.0,10.0,14.0
1691,65.0,10.0,16.0
1692,65.0,10.0,18.0
1693,65.0,10.0,20.0
1694,70.0,0.0,0.0
1695,70.0,0.0,2.0
1696,70.0,0.0,4.0
1697,70.0,0.0,6.0
1698,70.0,0.0,8.0
1699,70.0,0.0,10.0
1700,70.0,0.0,12.0
1701,70.0,0.0,14.0
1702,70.0,0.0,16.0
1703,70.0,0.0,18.0
1704,70.0,0.0,20.0
1705,70.0,1.0,0.0
1706,70.0,1.0,2.0
1707,70.0,1.0,4.0
1708,70.0,1.0,6.0
1709,70.0,1.0,8.0
1710,70.0,1.0,10.0
1711,70.0,1.0,12.0
1712,70.0,1.0,14.0
1713,70.0,1.0,16.0
1714,70.0,1.0,18.0
1715,70.0,1.0,20.0
1716,70.0,2.0,0.0
1717,70.0,2.0,2.0
1718,70.0,2.0,4.0
1719,70.0,2.0,6.0
1720,70.0,2.0,8.0
1721,70.0,2.0,10.0
1722,70.0,2.0,12.0
1723,70.0,2.0,14.0
1724,70.0,2.0,16.0
1725,70.0,2.0,18.0
1726,70.0,2.0,20.0
1727,70.0,3.0,0.0
1728,70.0,3.0,2.0
1729,70.0,3.0,4.0
1730,70.0,3.0,6.0
1731,70.0,3.0,8.0
1732,70.0,3.0,10.0
1733,70.0,3.0,12.0
1734,70.0,3.0,14.0
1735,70.0,3.0,16.0
1736,70.0,3.0,18.0
1737,70.0,3.0,20.0
1738,70.0,4.0,0.0
1739,70.0,4.0,2.0
1740,70.0,4.0,4.0
1741,70.0,4.0,6.0
1742,70.0,4.0,8.0
1743,70.0,4.0,10.0
1744,70.0,4.0,12.0
1745,70.0,4.0,14.0
1746,70.0,4.0,16.0
1747,70.0,4.0,18.0
1748,70.0,4.0,20.0
1749,70.0,5.0,0.0
1750,70.0,5.0,2.0
1751,70.0,5.0,4.0
1752,70.0,5.0,6.0
1753,70.0,5.0,8.0
1754,70.0,5.0,10.0
1755,70.0,5.0,12.0
1756,70.0,5.0,14.0
1757,70.0,5.0,16.0
1758,70.0,5.0,18.0
1759,70.0,5.0,20.0
1760,70.0,6.0,0.0
1761,70.0,6.0,2.0
1762,70.0,6.0,4.0
1763,70.0,6.0,6.0
1764,70.0,6.0,8.0
1765,70.0,6.0,10.0
1766,70.0,6.0,12.0
1767,70.0,6.0,14.0
1768,70.0,6.0,16.0
1769,70.0,6.0,18.0
1770,70.0,6.0,20.0
1771,70.0,7.0,0.0
1772,70.0,7.0,2.0
1773,70.0,7.0,4.0
1774,70.0,7.0,6.0
1775,70.0,7.0,8.0
1776,70.0,7.0,10.0
1777,70.0,7.0,12.0
1778,70.0,7.0,14.0
1779,70.0,7.0,16.0
1780,70.0,7.0,18.0
1781,70.0,7.0,20.0
1782,70.0,8.0,0.0
1783,70.0,8.0,2.0
1784,70.0,8.0,4.0
1785,70.0,8.0,6.0
1786,70.0,8.0,8.0
1787,70.0,8.0,10.0
1788,70.0,8.0,12.0
1789,70.0,8.0,14.0
1790,70.0,8.0,16.0
1791,70.0,8.0,18.0
1792,70.0,8.0,20.0
1793,70.0,9.0,0.0
1794,70.0,9.0,2.0
1795,70.0,9.0,4.0
1796,70.0,9.0,6.0
1797,70.0,9.0,8.0
1798,70.0,9.0,10.0
1799,70.0,9.0,12.0
1800,70.0,9.0,14.0
1801,70.0,9.0,16.0
1802,70.0,9.0,18.0
1803,70.0,9.0,20.0
1804,70.0,10.0,0.0
1805,70.0,10.0,2.0
1806,70.0,10.0,4.0
1807,70.0,10.0,6.0
1808,70.0,10.0,8.0
1809,70.0,10.0,10.0
1810,70.0,10.0,12.0
1811,70.0,10.0,14.0
1812,70.0,10.0,16.0
1813,70.0,10.0,18.0
1814,70.0,10.0,20.0
1815,75.0,0.0,0.0
1816,75.0,0.0,2.0
1817,75.0,0.0,4.0
1818,75.0,0.0,6.0
1819,75.0,0.0,8.0
1820,75.0,0.0,10.0
1821,75.0,0.0,12.0
1822,75.0,0.0,14.0
1823,75.0,0.0,16.0
1824,75.0,0.0,18.0
1825,75.0,0.0,20.0
1826,75.0,1.0,0.0
1827,75.0,1.0,2.0
1828,75.0,1.0,4.0
1829,75.0,1.0,6.0
1830,75.0,1.0,8.0
1831,75.0,1.0,10.0
1832,75.0,1.0,12.0
1833,75.0,1.0,14.0
1834,75.0,1.0,16.0
1835,75.0,1.0,18.0
1836,75.0,1.0,20.0
1837,75.0,2.0,0.0
1838,75.0,2.0,2.0
1839,75.0,2.0,4.0
1840,75.0,2.0,6.0
1841,75.0,2.0,8.0
1842,75.0,2.0,10.0
1843,75.0,2.0,12.0
1844,75.0,2.0,14.0
1845,75.0,2.0,16.0
1846,75.0,2.0,18.0
1847,75.0,2.0,20.0
1848,75.0,3.0,0.0
1849,75.0,3.0,2.0
1850,75.0,3.0,4.0
1851,75.0,3.0,6.0
1852,75.0,3.0,8.0
1853,75.0,3.0,10.0
1854,75.0,3.0,12.0
1855,75.0,3.0,14.0
1856,75.0,3.0,16.0
1857,75.0,3.0,18.0
1858,75.0,3.0,20.0
1859,75.0,4.0,0.0
1860,75.0,4.0,2.0
1861,75.0,4.0,4.0
1862,75.0,4.0,6.0
1863,75.0,4.0,8.0
1864,75.0,4.0,10.0
1865,75.0,4.0,12.0
1866,75.0,4.0,14.0
1867,75.0,4.0,16.0
1868,75.0,4.0,18.0
1869,75.0,4.0,20.0
1870,75.0,5.0,0.0
1871,75.0,5.0,2.0
1872,75.0,5.0,4.0
1873,75.0,5.0,6.0
1874,75.0,5.0,8.0
1875,75.0,5.0,10.0
1876,75.0,5.0,12.0
1877,75.0,5.0,14.0
1878,75.0,5.0,16.0
1879,75.0,5.0,18.0
1880,75.0,5.0,20.0
1881,75.0,6.0,0.0
1882,75.0,6.0,2.0
1883,75.0,6.0,4.0
1884,75.0,6.0,6.0
1885,75.0,6.0,8.0
1886,75.0,6.0,10.0
1887,75.0,6.0,12.0
1888,75.0,6.0,14.0
1889,75.0,6.0,16.0
1890,75.0,6.0,18.0
1891,75.0,6.0,20.0
1892,75.0,7.0,0.0
1893,75.0,7.0,2.0
1894,75.0,7.0,4.0
1895,75.0,7.0,6.0
1896,75.0,7.0,8.0
1897,75.0,7.0,10.0
1898,75.0,7.0,12.0
1899,75.0,7.0,14.0
1900,75.0,7.0,16.0
1901,75.0,7.0,18.0
1902,75.0,7.0,20.0
1903,75.0,8.0,0.0
1904,75.0,8.0,2.0
1905,75.0,8.0,4.0
1906,75.0,8.0,6.0
1907,75.0,8.0,8.0
1908,75.0,8.0,10.0
1909,75.0,8.0,12.0
1910,75.0,8.0,14.0
1911,75.0,8.0,16.0
1912,75.0,8.0,18.0
1913,75.0,8.0,20.0
1914,75.0,9.0,0.0
1915,75.0,9.0,2.0
1916,75.0,9.0,4.0
1917,75.0,9.0,6.0
1918,75.0,9.0,8.0
1919,75.0,9.0,10.0
1920,75.0,9.0,12.0
1921,75.0,9.0,14.0
1922,75.0,9.0,16.0
1923,75.0,9.0,18.0
1924,75.0,9.0,20.0
1925,75.0,10.0,0.0
1926,75.0,10.0,2.0
1927,75.0,10.0,4.0
1928,75.0,10.0,6.0
1929,75.0,10.0,8.0
1930,75.0,10.0,10.0
1931,75.0,10.0,12.0
1932,75.0,10.0,14.0
1933,75.0,10.0,16.0
1934,75.0,10.0,18.0
1935,75.0,10.0,20.0
1936,80.0,0.0,0.0
1937,80.0,0.0,2.0
1938,80.0,0.0,4.0
1939,80.0,0.0,6.0
1940,80.0,0.0,8.0
1941,80.0,0.0,10.0
1942,80.0,0.0,12.0
1943,80.0,0.0,14.0
1944,80.0,0.0,16.0
1945,80.0,0.0,18.0
1946,80.0,0.0,20.0
1947,80.0,1.0,0.0
1948,80.0,1.0,2.0
1949,80.0,1.0,4.0
1950,80.0,1.0,6.0
1951,80.0,1.0,8.0
1952,80.0,1.0,10.0
1953,80.0,1.0,12.0
1954,80.0,1.0,14.0
1955,80.0,1.0,16.0
1956,80.0,1.0,18.0
1957,80.0,1.0,20.0
1958,80.0,2.0,0.0
1959,80.0,2.0,2.0
1960,80.0,2.0,4.0
1961,80.0,2.0,6.0
1962,80.0,2.0,8.0
1963,80.0,2.0,10.0
1964,80.0,2.0,12.0
1965,80.0,2.0,14.0
1966,80.0,2.0,16.0
1967,80.0,2.0,18.0
1968,80.0,2.0,20.0
1969,80.0,3.0,0.0
1970,80.0,3.0,2.0
1971,80.0,3.0,4.0
1972,80.0,3.0,6.0
1973,80.0,3.0,8.0
1974,80.0,3.0,10.0
1975,80.0,3.0,12.0
1976,80.0,3.0,14.0
1977,80.0,3.0,16.0
1978,80.0,3.0,18.0
1979,80.0,3.0,20.0
1980,80.0,4.0,0.0
1981,80.0,4.0,2.0
1982,80.0,4.0,4.0
1983,80.0,4.0,6.0
1984,80.0,4.0,8.0
1985,80.0,4.0,10.0
1986,80.0,4.0,12.0
1987,80.0,4.0,14.0
1988,80.0,4.0,16.0
1989,80.0,4.0,18.0
1990,80.0,4.0,20.0
1991,80.0,5.0,0.0
1992,80.0,5.0,2.0
1993,80.0,5.0,4.0
1994,80.0,5.0,6.0
1995,80.0,5.0,8.0
1996,80.0,5.0,10.0
1997,80.0,5.0,12.0
1998,80.0,5.0,14.0
1999,80.0,5.0,16.0
2000,80.0,5.0,18.0
2001,80.0,5.0,20.0
2002,80.0,6.0,0.0
2003,80.0,6.0,2.0
2004,80.0,6.0,4.0
2005,80.0,6.0,6.0
2006,80.0,6.0,8.0
2007,80.0,6.0,10.0
2008,80.0,6.0,12.0
2009,80.0,6.0,14.0
2010,80.0,6.0,16.0
2011,80.0,6.0,18.0
2012,80.0,6.0,20.0
2013,80.0,7.0,0.0
2014,80.0,7.0,2.0
2015,80.0,7.0,4.0
2016,80.0,7.0,6.0
2017,80.0,7.0,8.0
2018,80.0,7.0,10.0
2019,80.0,7.0,12.0
2020,80.0,7.0,14.0
2021,80.0,7.0,16.0
2022,80.0,7.0,18.0
2023,80.0,7.0,20.0
2024,80.0,8.0,0.0
2025,80.0,8.0,2.0
2026,80.0,8.0,4.0
2027,80.0,8.0,6.0
2028,80.0,8.0,8.0
2029,80.0,8.0,10.0
2030,80.0,8.0,12.0
2031,80.0,8.0,14.0
2032,80.0,8.0,16.0
2033,80.0,8.0,18.0
2034,80.0,8.0,20.0
2035,80.0,9.0,0.0
2036,80.0,9.0,2.0
2037,80.0,9.0,4.0
2038,80.0,9.0,6.0
2039,80.0,9.0,8.0
2040,80.0,9.0,10.0
2041,80.0,9.0,12.0
2042,80.0,9.0,14.0
2043,80.0,9.0,16.0
2044,80.0,9.0,18.0
2045,80.0,9.0,20.0
2046,80.0,10.0,0.0
2047,80.0,10.0,2.0
2048,80.0,10.0,4.0
2049,80.0,10.0,6.0
2050,80.0,10.0,8.0
2051,80.0,10.0,10.0
2052,80.0,10.0,12.0
2053,80.0,10.0,14.0
2054,80.0,10.0,16.0
2055,80.0,10.0,18.0
2056,80.0,10.0,20.0
2057,85.0,0.0,0.0
2058,85.0,0.0,2.0
2059,85.0,0.0,4.0
2060,85.0,0.0,6.0
2061,85.0,0.0,8.0
2062,85.0,0.0,10.0
2063,85.0,0.0,12.0
2064,85.0,0.0,14.0
2065,85.0,0.0,16.0
2066,85.0,0.0,18.0
2067,85.0,0.0,20.0
2068,85.0,1.0,0.0
2069,85.0,1.0,2.0
2070,85.0,1.0,4.0
2071,85.0,1.0,6.0
2072,85.0,1.0,8.0
2073,85.0,1.0,10.0
2074,85.0,1.0,12.0
2075,85.0,1.0,14.0
2076,85.0,1.0,16.0
2077,85.0,1.0,18.0
2078,85.0,1.0,20.0
2079,85.0,2.0,0.0
2080,85.0,2.0,2.0
2081,85.0,2.0,4.0
2082,85.0,2.0,6.0
2083,85.0,2.0,8.0
2084,85.0,2.0,10.0
2085,85.0,2.0,12.0
2086,85.0,2.0,14.0
2087,85.0,2.0,16.0
2088,85.0,2.0,18.0
2089,85.0,2.0,20.0
2090,85.0,3.0,0.0
2091,85.0,3.0,2.0
2092,85.0,3.0,4.0
2093,85.0,3.0,6.0
2094,85.0,3.0,8.0
2095,85.0,3.0,10.0
2096,85.0,3.0,12.0
2097,85.0,3.0,14.0
2098,85.0,3.0,16.0
2099,85.0,3.0,18.0
2100,85.0,3.0,20.0
2101,85.0,4.0,0.0
2102,85.0,4.0,2.0
2103,85.0,4.0,4.0
2104,85.0,4.0,6.0
2105,85.0,4.0,8.0
2106,85.0,4.0,10.0
2107,85.0,4.0,12.0
2108,85.0,4.0,14.0
2109,85.0,4.0,16.0
2110,85.0,4.0,18.0
2111,85.0,4.0,20.0
2112,85.0,5.0,0.0
2113,85.0,5.0,2.0
2114,85.0,5.0,4.0
2115,85.0,5.0,6.0
2116,85.0,5.0,8.0
2117,85.0,5.0,10.0
2118,85.0,5.0,12.0
2119,85.0,5.0,14.0
2120,85.0,5.0,16.0
2121,85.0,5.0,18.0
2122,85.0,5.0,20.0
2123,85.0,6.0,0.0
2124,85.0,6.0,2.0
2125,85.0,6.0,4.0
2126,85.0,6.0,6.0
2127,85.0,6.0,8.0
2128,85.0,6.0,10.0
2129,85.0,6.0,12.0
2130,85.0,6.0,14.0
2131,85.0,6.0,16.0
2132,85.0,6.0,18.0
2133,85.0,6.0,20.0
2134,85.0,7.0,0.0
2135,85.0,7.0,2.0
2136,85.0,7.0,4.0
2137,85.0,7.0,6.0
2138,85.0,7.0,8.0
2139,85.0,7.0,10.0
2140,85.0,7.0,12.0
2141,85.0,7.0,14.0
2142,85.0,7.0,16.0
2143,85.0,7.0,18.0
2144,85.0,7.0,20.0
2145,85.0,8.0,0.0
2146,85.0,8.0,2.0
2147,85.0,8.0,4.0
2148,85.0,8.0,6.0
2149,85.0,8.0,8.0
2150,85.0,8.0,10.0
2151,85.0,8.0,12.0
2152,85.0,8.0,14.0
2153,85.0,8.0,16.0
2154,85.0,8.0,18.0
2155,85.0,8.0,20.0
2156,85.0,9.0,0.0
2157,85.0,9.0,2.0
2158,85.0,9.0,4.0
2159,85.0,9.0,6.0
2160,85.0,9.0,8.0
2161,85.0,9.0,10.0
2162,85.0,9.0,12.0
2163,85.0,9.0,14.0
2164,85.0,9.0,16.0
2165,85.0,9.0,18.0
2166,85.0,9.0,20.0
2167,85.0,10.0,0.0
2168,85.0,10.0,2.0
2169,85.0,10.0,4.0
2170,85.0,10.0,6.0
2171,85.0,10.0,8.0
2172,85.0,10.0,10.0
2173,85.0,10.0,12.0
2174,85.0,10.0,14.0
2175,85.0,10.0,16.0
2176,85.0,10.0,18.0
2177,85.0,10.0,20.0
2178,90.0,0.0,0.0
2179,90.0,0.0,2.0
2180,90.0,0.0,4.0
2181,90.0,0.0,6.0
2182,90.0,0.0,8.0
2183,90.0,0.0,10.0
2184,90.0,0.0,12.0
2185,90.0,0.0,14.0
2186,90.0,0.0,16.0
2187,90.0,0.0,18.0
2188,90.0,0.0,20.0
2189,90.0,1.0,0.0
2190,90.0,1.0,2.0
2191,90.0,1.0,4.0
2192,90.0,1.0,6.0
2193,90.0,1.0,8.0
2194,90.0,1.0,10.0
2195,90.0,1.0,12.0
2196,90.0,1.0,14.0
2197,90.0,1.0,16.0
2198,90.0,1.0,18.0
2199,90.0,1.0,20.0
2200,90.0,2.0,0.0
2201,90.0,2.0,2.0
2202,90.0,2.0,4.0
2203,90.0,2.0,6.0
2204,90.0,2.0,8.0
2205,90.0,2.0,10.0
2206,90.0,2.0,12.0
2207,90.0,2.0,14.0
2208,90.0,2.0,16.0
2209,90.0,2.0,18.0
2210,90.0,2.0,20.0
2211,90.0,3.0,0.0
2212,90.0,3.0,2.0
2213,90.0,3.0,4.0
2214,90.0,3.0,6.0
2215,90.0,3.0,8.0
2216,90.0,3.0,10.0
2217,90.0,3.0,12.0
2218,90.0,3.0,14.0
2219,90.0,3.0,16.0
2220,90.0,3.0,18.0
2221,90.0,3.0,20.0
2222,90.0,4.0,0.0
2223,90.0,4.0,2.0
2224,90.0,4.0,4.0
2225,90.0,4.0,6.0
2226,90.0,4.0,8.0
2227,90.0,4.0,10.0
2228,90.0,4.0,12.0
2229,90.0,4.0,14.0
2230,90.0,4.0,16.0
2231,90.0,4.0,18.0
2232,90.0,4.0,20.0
2233,90.0,5.0,0.0
2234,90.0,5.0,2.0
2235,90.0,5.0,4.0
2236,90.0,5.0,6.0
2237,90.0,5.0,8.0
2238,90.0,5.0,10.0
2239,90.0,5.0,12.0
2240,90.0,5.0,14.0
2241,90.0,5.0,16.0
2242,90.0,5.0,18.0
2243,90.0,5.0,20.0
2244,90.0,6.0,0.0
2245,90.0,6.0,2.0
2246,90.0,6.0,4.0
2247,90.0,6.0,6.0
2248,90.0,6.0,8.0
2249,90.0,6.0,10.0
2250,90.0,6.0,12.0
2251,90.0,6.0,14.0
2252,90.0,6.0,16.0
2253,90.0,6.0,18.0
2254,90.0,6.0,20.0
2255,90.0,7.0,0.0
2256,90.0,7.0,2.0
2257,90.0,7.0,4.0
2258,90.0,7.0,6.0
2259,90.0,7.0,8.0
2260,90.0,7.0,10.0
2261,90.0,7.0,12.0
2262,90.0,7.0,14.0
2263,90.0,7.0,16.0
2264,90.0,7.0,18.0
2265,90.0,7.0,20.0
2266,90.0,8.0,0.0
2267,90.0,8.0,2.0
2268,90.0,8.0,4.0
2269,90.0,8.0,6.0
2270,90.0,8.0,8.0
2271,90.0,8.0,10.0
2272,90.0,8.0,12.0
2273,90.0,8.0,14.0
2274,90.0,8.0,16.0
2275,90.0,8.0,18.0
2276,90.0,8.0,20.0
2277,90.0,9.0,0.0
2278,90.0,9.0,2.0
2279,90.0,9.0,4.0
2280,90.0,9.0,6.0
2281,90.0,9.0,8.0
2282,90.0,9.0,10.0
2283,90.0,9.0,12.0
2284,90.0,9.0,14.0
2285,90.0,9.0,16.0
2286,90.0,9.0,18.0
2287,90.0,9.0,20.0
2288,90.0,10.0,0.0
2289,90.0,10.0,2.0
2290,90.0,10.0,4.0
2291,90.0,10.0,6.0
2292,90.0,10.0,8.0
2293,90.0,10.0,10.0
2294,90.0,10.0,12.0
2295,90.0,10.0,14.0
2296,90.0,10.0,16.0
2297,90.0,10.0,18.0
2298,90.0,10.0,20.0
2299,95.0,0.0,0.0
2300,95.0,0.0,2.0
2301,95.0,0.0,4.0
2302,95.0,0.0,6.0
2303,95.0,0.0,8.0
2304,95.0,0.0,10.0
2305,95.0,0.0,12.0
2306,95.0,0.0,14.0
2307,95.0,0.0,16.0
2308,95.0,0.0,18.0
2309,95.0,0.0,20.0
2310,95.0,1.0,0.0
2311,95.0,1.0,2.0
2312,95.0,1.0,4.0
2313,95.0,1.0,6.0
2314,95.0,1.0,8.0
2315,95.0,1.0,10.0
2316,95.0,1.0,12.0
2317,95.0,1.0,14.0
2318,95.0,1.0,16.0
2319,95.0,1.0,18.0
2320,95.0,1.0,20.0
2321,95.0,2.0,0.0
2322,95.0,2.0,2.0
2323,95.0,2.0,4.0
2324,95.0,2.0,6.0
2325,95.0,2.0,8.0
2326,95.0,2.0,10.0
2327,95.0,2.0,12.0
2328,95.0,2.0,14.0
2329,95.0,2.0,16.0
2330,95.0,2.0,18.0
2331,95.0,2.0,20.0
2332,95.0,3.0,0.0
2333,95.0,3.0,2.0
2334,95.0,3.0,4.0
2335,95.0,3.0,6.0
2336,95.0,3.0,8.0
2337,95.0,3.0,10.0
2338,95.0,3.0,12.0
2339,95.0,3.0,14.0
2340,95.0,3.0,16.0
2341,95.0,3.0,18.0
2342,95.0,3.0,20.0
2343,95.0,4.0,0.0
2344,95.0,4.0,2.0
2345,95.0,4.0,4.0
2346,95.0,4.0,6.0
2347,95.0,4.0,8.0
2348,95.0,4.0,10.0
2349,95.0,4.0,12.0
2350,95.0,4.0,14.0
2351,95.0,4.0,16.0
2352,95.0,4.0,18.0
2353,95.0,4.0,20.0
2354,95.0,5.0,0.0
2355,95.0,5.0,2.0
2356,95.0,5.0,4.0
2357,95.0,5.0,6.0
2358,95.0,5.0,8.0
2359,95.0,5.0,10.0
2360,95.0,5.0,12.0
2361,95.0,5.0,14.0
2362,95.0,5.0,16.0
2363,95.0,5.0,18.0
2364,95.0,5.0,20.0
2365,95.0,6.0,0.0
2366,95.0,6.0,2.0
2367,95.0,6.0,4.0
2368,95.0,6.0,6.0
2369,95.0,6.0,8.0
2370,95.0,6.0,10.0
2371,95.0,6.0,12.0
2372,95.0,6.0,14.0
2373,95.0,6.0,16.0
2374,95.0,6.0,18.0
2375,95.0,6.0,20.0
2376,95.0,7.0,0.0
2377,95.0,7.0,2.0
2378,95.0,7.0,4.0
2379,95.0,7.0,6.0
2380,95.0,7.0,8.0
2381,95.0,7.0,10.0
2382,95.0,7.0,12.0
2383,95.0,7.0,14.0
2384,95.0,7.0,16.0
2385,95.0,7.0,18.0
2386,95.0,7.0,20.0
2387,95.0,8.0,0.0
2388,95.0,8.0,2.0
2389,95.0,8.0,4.0
2390,95.0,8.0,6.0
2391,95.0,8.0,8.0
2392,95.0,8.0,10.0
2393,95.0,8.0,12.0
2394,95.0,8.0,14.0
2395,95.0,8.0,16.0
2396,95.0,8.0,18.0
2397,95.0,8.0,20.0
2398,95.0,9.0,0.0
2399,95.0,9.0,2.0
2400,95.0,9.0,4.0
2401,95.0,9.0,6.0
2402,95.0,9.0,8.0
2403,95.0,9.0,10.0
2404,95.0,9.0,12.0
2405,95.0,9.0,14.0
2406,95.0,9.0,16.0
2407,95.0,9.0,18.0
2408,95.0,9.0,20.0
2409,95.0,10.0,0.0
2410,95.0,10.0,2.0
2411,95.0,10.0,4.0
2412,95.0,10.0,6.0
2413,95.0,10.0,8.0
2414,95.0,10.0,10.0
2415,95.0,10.0,12.0
2416,95.0,10.0,14.0
2417,95.0,10.0,16.0
2418,95.0,10.0,18.0
2419,95.0,10.0,20.0
2420,100.0,0.0,0.0
2421,100.0,0.0,2.0
2422,100.0,0.0,4.0
2423,100.0,0.0,6.0
2424,100.0,0.0,8.0
2425,100.0,0.0,10.0
2426,100.0,0.0,12.0
2427,100.0,0.0,14.0
2428,100.0,0.0,16.0
2429,100.0,0.0,18.0
2430,100.0,0.0,20.0
2431,100.0,1.0,0.0
2432,100.0,1.0,2.0
2433,100.0,1.0,4.0
2434,100.0,1.0,6.0
2435,100.0,1.0,8.0
2436,100.0,1.0,10.0
2437,100.0,1.0,12.0
2438,100.0,1.0,14.0
2439,100.0,1.0,16.0
2440,100.0,1.0,18.0
2441,100.0,1.0,20.0
2442,100.0,2.0,0.0
2443,100.0,2.0,2.0
2444,100.0,2.0,4.0
2445,100.0,2.0,6.0
2446,100.0,2.0,8.0
2447,100.0,2.0,10.0
2448,100.0,2.0,12.0
2449,100.0,2.0,14.0
2450,100.0,2.0,16.0
2451,100.0,2.0,18.0
2452,100.0,2.0,20.0
2453,100.0,3.0,0.0
2454,100.0,3.0,2.0
2455,100.0,3.0,4.0
2456,100.0,3.0,6.0
2457,100.0,3.0,8.0
2458,100.0,3.0,10.0
2459,100.0,3.0,12.0
2460,100.0,3.0,14.0
2461,100.0,3.0,16.0
2462,100.0,3.0,18.0
2463,100.0,3.0,20.0
2464,100.0,4.0,0.0
2465,100.0,4.0,2.0
2466,100.0,4.0,4.0
2467,100.0,4.0,6.0
2468,100.0,4.0,8.0
2469,100.0,4.0,10.0
2470,100.0,4.0,12.0
2471,100.0,4.0,14.0
2472,100.0,4.0,16.0
2473,100.0,4.0,18.0
2474,100.0,4.0,20.0
2475,100.0,5.0,0.0
2476,100.0,5.0,2.0
2477,100.0,5.0,4.0
2478,100.0,5.0,6.0
2479,100.0,5.0,8.0
2480,100.0,5.0,10.0
2481,100.0,5.0,12.0
2482,100.0,5.0,14.0
2483,100.0,5.0,16.0
2484,100.0,5.0,18.0
2485,100.0,5.0,20.0
2486,100.0,6.0,0.0
2487,100.0,6.0,2.0
2488,100.0,6.0,4.0
2489,100.0,6.0,6.0
2490,100.0,6.0,8.0
2491,100.0,6.0,10.0
2492,100.0,6.0,12.0
2493,100.0,6.0,14.0
2494,100.0,6.0,16.0
2495,100.0,6.0,18.0
2496,100.0,6.0,20.0
2497,100.0,7.0,0.0
2498,100.0,7.0,2.0
2499,100.0,7.0,4.0
2500,100.0,7.0,6.0
2501,100.0,7.0,8.0
2502,100.0,7.0,10.0
2503,100.0,7.0,12.0
2504,100.0,7.0,14.0
2505,100.0,7.0,16.0
2506,100.0,7.0,18.0
2507,100.0,7.0,20.0
2508,100.0,8.0,0.0
2509,100.0,8.0,2.0
2510,100.0,8.0,4.0
2511,100.0,8.0,6.0
2512,100.0,8.0,8.0
2513,100.0,8.0,10.0
2514,100.0,8.0,12.0
2515,100.0,8.0,14.0
2516,100.0,8.0,16.0
2517,100.0,8.0,18.0
2518,100.0,8.0,20.0
2519,100.0,9.0,0.0
2520,100.0,9.0,2.0
2521,100.0,9.0,4.0
2522,100.0,9.0,6.0
2523,100.0,9.0,8.0
2524,100.0,9.0,10.0
2525,100.0,9.0,12.0
2526,100.0,9.0,14.0
2527,100.0,9.0,16.0
2528,100.0,9.0,18.0
2529,100.0,9.0,20.0
2530,100.0,10.0,0.0
2531,100.0,10.0,2.0
2532,100.0,10.0,4.0
2533,100.0,10.0,6.0
2534,100.0,10.0,8.0
2535,100.0,10.0,10.0
2536,100.0,10.0,12.0
2537,100.0,10.0,14.0
2538,100.0,10.0,16.0
2539,100.0,10.0,18.0
2540,100.0,10.0,20.0
